id,price
51636,276
51637,178
51638,233
51639,276
51640,233
51641,276
51642,233
51643,233
51644,56
51645,129
51646,30
51647,233
51648,301
51649,252
51650,276
51651,276
51652,276
51653,566
51654,233
51655,276
51656,276
51657,221
51658,233
51659,276
51660,221
51661,276
51662,276
51663,56
51664,644
51665,233
51666,276
51667,154
51668,276
51669,233
51670,334
51671,276
51672,56
51673,56
51674,276
51675,276
51676,276
51677,178
51678,276
51679,128
51680,276
51681,276
51682,233
51683,609
51684,301
51685,154
51686,276
51687,276
51688,276
51689,178
51690,252
51691,480
51692,503
51693,276
51694,566
51695,276
51696,276
51697,129
51698,46
51699,129
51700,233
51701,129
51702,56
51703,423
51704,129
51705,221
51706,154
51707,154
51708,276
51709,276
51710,276
51711,233
51712,480
51713,276
51714,233
51715,276
51716,233
51717,178
51718,221
51719,276
51720,56
51721,233
51722,644
51723,233
51724,221
51725,276
51726,129
51727,276
51728,233
51729,276
51730,276
51731,233
51732,178
51733,101
51734,233
51735,73
51736,276
51737,276
51738,276
51739,221
51740,233
51741,129
51742,221
51743,233
51744,276
51745,276
51746,276
51747,276
51748,353
51749,178
51750,198
51751,276
51752,233
51753,233
51754,178
51755,276
51756,276
51757,178
51758,276
51759,276
51760,276
51761,276
51762,301
51763,276
51764,276
51765,276
51766,233
51767,276
51768,276
51769,73
51770,276
51771,276
51772,276
51773,276
51774,178
51775,10
51776,276
51777,233
51778,276
51779,276
51780,276
51781,480
51782,89
51783,644
51784,276
51785,233
51786,276
51787,178
51788,276
51789,233
51790,56
51791,118
51792,221
51793,276
51794,154
51795,334
51796,276
51797,644
51798,276
51799,205
51800,301
51801,301
51802,276
51803,56
51804,233
51805,301
51806,276
51807,276
51808,276
51809,276
51810,30
51811,276
51812,276
51813,178
51814,233
51815,276
51816,644
51817,178
51818,233
51819,644
51820,566
51821,276
51822,276
51823,276
51824,233
51825,609
51826,178
51827,221
51828,233
51829,276
51830,56
51831,178
51832,276
51833,194
51834,276
51835,89
51836,644
51837,116
51838,198
51839,276
51840,276
51841,276
51842,276
51843,154
51844,609
51845,334
51846,276
51847,30
51848,276
51849,276
51850,221
51851,221
51852,276
51853,93
51854,276
51855,233
51856,276
51857,154
51858,276
51859,56
51860,276
51861,644
51862,276
51863,233
51864,276
51865,454
51866,276
51867,276
51868,221
51869,233
51870,221
51871,56
51872,276
51873,480
51874,123
51875,276
51876,233
51877,276
51878,154
51879,154
51880,89
51881,644
51882,129
51883,233
51884,276
51885,276
51886,644
51887,480
51888,154
51889,252
51890,233
51891,276
51892,276
51893,276
51894,454
51895,644
51896,276
51897,276
51898,233
51899,276
51900,178
51901,276
51902,162
51903,276
51904,301
51905,233
51906,276
51907,276
51908,276
51909,154
51910,276
51911,276
51912,276
51913,480
51914,276
51915,276
51916,154
51917,276
51918,276
51919,178
51920,644
51921,205
51922,101
51923,276
51924,205
51925,233
51926,276
51927,276
51928,221
51929,178
51930,233
51931,221
51932,233
51933,503
51934,22
51935,101
51936,644
51937,644
51938,276
51939,334
51940,276
51941,276
51942,301
51943,276
51944,276
51945,162
51946,233
51947,178
51948,129
51949,129
51950,56
51951,276
51952,233
51953,276
51954,276
51955,225
51956,56
51957,252
51958,334
51959,129
51960,154
51961,276
51962,276
51963,276
51964,276
51965,22
51966,221
51967,233
51968,276
51969,276
51970,154
51971,10
51972,129
51973,233
51974,276
51975,164
51976,10
51977,129
51978,416
51979,276
51980,233
51981,276
51982,221
51983,221
51984,276
51985,276
51986,334
51987,56
51988,221
51989,154
51990,276
51991,276
51992,233
51993,178
51994,416
51995,276
51996,22
51997,221
51998,276
51999,276
52000,480
52001,276
52002,276
52003,30
52004,276
52005,56
52006,178
52007,252
52008,276
52009,276
52010,252
52011,178
52012,301
52013,233
52014,416
52015,123
52016,221
52017,276
52018,276
52019,276
52020,334
52021,252
52022,276
52023,276
52024,609
52025,334
52026,129
52027,276
52028,276
52029,276
52030,276
52031,334
52032,276
52033,233
52034,276
52035,276
52036,233
52037,276
52038,276
52039,276
52040,194
52041,129
52042,276
52043,644
52044,129
52045,276
52046,56
52047,276
52048,276
52049,480
52050,480
52051,233
52052,276
52053,276
52054,233
52055,276
52056,154
52057,233
52058,139
52059,334
52060,276
52061,22
52062,10
52063,276
52064,276
52065,276
52066,73
52067,276
52068,301
52069,276
52070,162
52071,301
52072,56
52073,233
52074,276
52075,129
52076,276
52077,276
52078,233
52079,276
52080,233
52081,276
52082,252
52083,276
52084,221
52085,276
52086,276
52087,129
52088,276
52089,276
52090,492
52091,221
52092,221
52093,205
52094,221
52095,301
52096,276
52097,154
52098,162
52099,154
52100,276
52101,276
52102,233
52103,276
52104,10
52105,276
52106,644
52107,56
52108,276
52109,276
52110,30
52111,233
52112,10
52113,276
52114,233
52115,154
52116,56
52117,56
52118,644
52119,233
52120,276
52121,198
52122,56
52123,233
52124,276
52125,162
52126,252
52127,129
52128,276
52129,644
52130,178
52131,276
52132,178
52133,276
52134,276
52135,233
52136,276
52137,30
52138,56
52139,276
52140,566
52141,233
52142,233
52143,233
52144,276
52145,276
52146,101
52147,252
52148,233
52149,276
52150,233
52151,178
52152,221
52153,276
52154,276
52155,221
52156,56
52157,276
52158,276
52159,56
52160,276
52161,233
52162,276
52163,276
52164,276
52165,276
52166,276
52167,123
52168,276
52169,194
52170,276
52171,276
52172,233
52173,30
52174,301
52175,301
52176,154
52177,276
52178,644
52179,30
52180,301
52181,198
52182,129
52183,644
52184,233
52185,276
52186,56
52187,221
52188,276
52189,334
52190,276
52191,56
52192,10
52193,276
52194,480
52195,276
52196,276
52197,276
52198,233
52199,252
52200,162
52201,276
52202,276
52203,276
52204,276
52205,56
52206,233
52207,154
52208,178
52209,221
52210,118
52211,276
52212,566
52213,233
52214,276
52215,644
52216,233
52217,276
52218,221
52219,276
52220,276
52221,644
52222,276
52223,276
52224,276
52225,252
52226,276
52227,221
52228,644
52229,276
52230,129
52231,22
52232,566
52233,276
52234,276
52235,154
52236,221
52237,154
52238,644
52239,454
52240,178
52241,276
52242,314
52243,233
52244,276
52245,276
52246,276
52247,566
52248,276
52249,276
52250,503
52251,276
52252,276
52253,276
52254,276
52255,301
52256,276
52257,233
52258,644
52259,233
52260,276
52261,276
52262,221
52263,276
52264,276
52265,334
52266,566
52267,221
52268,276
52269,233
52270,566
52271,276
52272,276
52273,233
52274,154
52275,221
52276,129
52277,353
52278,276
52279,276
52280,178
52281,609
52282,276
52283,178
52284,566
52285,276
52286,276
52287,276
52288,233
52289,233
52290,276
52291,30
52292,276
52293,233
52294,644
52295,644
52296,276
52297,129
52298,118
52299,276
52300,276
52301,233
52302,89
52303,276
52304,301
52305,644
52306,10
52307,178
52308,276
52309,233
52310,56
52311,276
52312,334
52313,276
52314,154
52315,129
52316,276
52317,334
52318,178
52319,148
52320,609
52321,233
52322,233
52323,233
52324,353
52325,276
52326,129
52327,233
52328,276
52329,118
52330,56
52331,276
52332,276
52333,276
52334,10
52335,276
52336,233
52337,154
52338,56
52339,276
52340,118
52341,276
52342,276
52343,276
52344,221
52345,139
52346,252
52347,162
52348,221
52349,334
52350,644
52351,233
52352,276
52353,233
52354,276
52355,276
52356,334
52357,334
52358,178
52359,154
52360,276
52361,221
52362,276
52363,276
52364,101
52365,334
52366,276
52367,644
52368,129
52369,233
52370,276
52371,233
52372,276
52373,276
52374,644
52375,644
52376,276
52377,162
52378,276
52379,503
52380,276
52381,178
52382,276
52383,22
52384,178
52385,276
52386,276
52387,644
52388,129
52389,276
52390,276
52391,73
52392,276
52393,56
52394,178
52395,276
52396,276
52397,276
52398,178
52399,198
52400,276
52401,198
52402,221
52403,129
52404,233
52405,276
52406,334
52407,162
52408,334
52409,56
52410,276
52411,276
52412,252
52413,301
52414,194
52415,276
52416,221
52417,609
52418,233
52419,154
52420,276
52421,101
52422,129
52423,276
52424,178
52425,89
52426,276
52427,129
52428,56
52429,233
52430,89
52431,416
52432,129
52433,276
52434,301
52435,233
52436,276
52437,276
52438,233
52439,276
52440,276
52441,154
52442,162
52443,22
52444,276
52445,194
52446,89
52447,276
52448,233
52449,276
52450,276
52451,480
52452,56
52453,10
52454,101
52455,276
52456,353
52457,503
52458,334
52459,276
52460,644
52461,73
52462,129
52463,178
52464,276
52465,178
52466,644
52467,233
52468,221
52469,198
52470,276
52471,129
52472,276
52473,276
52474,233
52475,416
52476,178
52477,154
52478,466
52479,644
52480,644
52481,56
52482,276
52483,276
52484,22
52485,276
52486,89
52487,233
52488,154
52489,56
52490,276
52491,609
52492,334
52493,301
52494,89
52495,276
52496,169
52497,276
52498,221
52499,609
52500,276
52501,194
52502,252
52503,276
52504,276
52505,276
52506,221
52507,644
52508,30
52509,56
52510,221
52511,566
52512,162
52513,276
52514,276
52515,154
52516,276
52517,154
52518,56
52519,233
52520,276
52521,276
52522,194
52523,276
52524,276
52525,276
52526,276
52527,276
52528,276
52529,233
52530,221
52531,276
52532,154
52533,276
52534,194
52535,276
52536,276
52537,334
52538,233
52539,129
52540,233
52541,480
52542,276
52543,644
52544,276
52545,233
52546,276
52547,233
52548,276
52549,276
52550,89
52551,435
52552,276
52553,205
52554,56
52555,276
52556,198
52557,609
52558,334
52559,589
52560,56
52561,233
52562,154
52563,435
52564,276
52565,73
52566,644
52567,154
52568,276
52569,334
52570,276
52571,205
52572,276
52573,301
52574,162
52575,178
52576,221
52577,73
52578,162
52579,154
52580,162
52581,276
52582,56
52583,276
52584,154
52585,169
52586,233
52587,644
52588,221
52589,154
52590,252
52591,221
52592,221
52593,233
52594,276
52595,56
52596,194
52597,276
52598,233
52599,276
52600,233
52601,416
52602,276
52603,276
52604,93
52605,276
52606,609
52607,178
52608,276
52609,416
52610,221
52611,245
52612,276
52613,276
52614,10
52615,276
52616,566
52617,56
52618,276
52619,129
52620,276
52621,129
52622,233
52623,276
52624,233
52625,276
52626,276
52627,276
52628,22
52629,194
52630,644
52631,276
52632,101
52633,233
52634,154
52635,56
52636,178
52637,221
52638,276
52639,276
52640,73
52641,154
52642,56
52643,276
52644,276
52645,276
52646,101
52647,276
52648,276
52649,56
52650,276
52651,56
52652,276
52653,221
52654,129
52655,276
52656,154
52657,276
52658,609
52659,276
52660,276
52661,480
52662,276
52663,221
52664,89
52665,221
52666,334
52667,178
52668,276
52669,233
52670,221
52671,276
52672,221
52673,233
52674,89
52675,233
52676,198
52677,233
52678,233
52679,276
52680,221
52681,276
52682,129
52683,178
52684,276
52685,276
52686,276
52687,178
52688,221
52689,276
52690,10
52691,276
52692,644
52693,129
52694,644
52695,276
52696,129
52697,154
52698,252
52699,221
52700,276
52701,89
52702,154
52703,233
52704,566
52705,416
52706,276
52707,162
52708,129
52709,276
52710,276
52711,178
52712,644
52713,334
52714,101
52715,276
52716,276
52717,198
52718,233
52719,334
52720,276
52721,480
52722,233
52723,301
52724,276
52725,276
52726,276
52727,10
52728,154
52729,276
52730,30
52731,276
52732,178
52733,276
52734,276
52735,276
52736,276
52737,276
52738,276
52739,276
52740,154
52741,178
52742,276
52743,423
52744,129
52745,162
52746,164
52747,276
52748,221
52749,276
52750,276
52751,566
52752,276
52753,10
52754,89
52755,162
52756,276
52757,276
52758,480
52759,276
52760,566
52761,276
52762,276
52763,276
52764,129
52765,276
52766,128
52767,644
52768,129
52769,221
52770,93
52771,276
52772,276
52773,276
52774,276
52775,644
52776,276
52777,233
52778,301
52779,276
52780,10
52781,276
52782,334
52783,276
52784,101
52785,276
52786,609
52787,73
52788,233
52789,276
52790,644
52791,129
52792,276
52793,276
52794,353
52795,233
52796,154
52797,22
52798,89
52799,644
52800,22
52801,276
52802,276
52803,221
52804,129
52805,89
52806,233
52807,276
52808,252
52809,480
52810,435
52811,178
52812,205
52813,466
52814,129
52815,334
52816,73
52817,178
52818,353
52819,276
52820,233
52821,56
52822,276
52823,221
52824,252
52825,245
52826,276
52827,334
52828,416
52829,101
52830,118
52831,644
52832,276
52833,56
52834,609
52835,276
52836,276
52837,22
52838,89
52839,252
52840,276
52841,276
52842,276
52843,644
52844,644
52845,233
52846,178
52847,123
52848,644
52849,276
52850,276
52851,276
52852,101
52853,276
52854,56
52855,233
52856,56
52857,233
52858,56
52859,276
52860,162
52861,276
52862,93
52863,245
52864,644
52865,276
52866,276
52867,644
52868,30
52869,178
52870,276
52871,503
52872,276
52873,276
52874,93
52875,276
52876,89
52877,128
52878,233
52879,233
52880,118
52881,416
52882,276
52883,233
52884,276
52885,56
52886,56
52887,129
52888,301
52889,162
52890,276
52891,276
52892,221
52893,221
52894,276
52895,276
52896,276
52897,233
52898,276
52899,276
52900,252
52901,233
52902,10
52903,221
52904,276
52905,276
52906,276
52907,276
52908,276
52909,276
52910,276
52911,276
52912,221
52913,162
52914,589
52915,129
52916,233
52917,221
52918,566
52919,301
52920,56
52921,154
52922,56
52923,154
52924,221
52925,118
52926,276
52927,480
52928,221
52929,276
52930,242
52931,56
52932,480
52933,221
52934,609
52935,276
52936,276
52937,221
52938,178
52939,276
52940,276
52941,56
52942,276
52943,276
52944,503
52945,566
52946,233
52947,129
52948,276
52949,233
52950,435
52951,252
52952,56
52953,233
52954,233
52955,129
52956,245
52957,276
52958,56
52959,233
52960,276
52961,221
52962,276
52963,644
52964,198
52965,154
52966,178
52967,301
52968,276
52969,162
52970,205
52971,276
52972,276
52973,276
52974,276
52975,221
52976,89
52977,644
52978,276
52979,276
52980,233
52981,221
52982,276
52983,276
52984,290
52985,233
52986,276
52987,101
52988,276
52989,276
52990,276
52991,252
52992,276
52993,233
52994,416
52995,233
52996,276
52997,644
52998,129
52999,276
53000,644
53001,233
53002,221
53003,276
53004,129
53005,252
53006,644
53007,644
53008,276
53009,169
53010,129
53011,93
53012,129
53013,162
53014,644
53015,276
53016,276
53017,101
53018,154
53019,480
53020,129
53021,233
53022,276
53023,89
53024,276
53025,276
53026,221
53027,221
53028,30
53029,233
53030,644
53031,276
53032,129
53033,276
53034,129
53035,154
53036,154
53037,480
53038,276
53039,644
53040,276
53041,276
53042,56
53043,334
53044,566
53045,22
53046,276
53047,276
53048,221
53049,276
53050,301
53051,10
53052,10
53053,276
53054,233
53055,93
53056,129
53057,276
53058,129
53059,276
53060,154
53061,353
53062,276
53063,480
53064,233
53065,233
53066,154
53067,154
53068,276
53069,276
53070,454
53071,194
53072,276
53073,129
53074,301
53075,233
53076,276
53077,154
53078,221
53079,56
53080,276
53081,233
53082,644
53083,276
53084,233
53085,334
53086,56
53087,89
53088,233
53089,609
53090,311
53091,154
53092,233
53093,276
53094,233
53095,435
53096,129
53097,276
53098,276
53099,609
53100,644
53101,198
53102,178
53103,73
53104,276
53105,276
53106,466
53107,221
53108,276
53109,276
53110,252
53111,276
53112,56
53113,178
53114,221
53115,139
53116,276
53117,276
53118,118
53119,233
53120,89
53121,276
53122,276
53123,178
53124,154
53125,252
53126,233
53127,89
53128,276
53129,276
53130,194
53131,10
53132,221
53133,233
53134,221
53135,221
53136,276
53137,644
53138,276
53139,276
53140,233
53141,221
53142,276
53143,233
53144,276
53145,276
53146,221
53147,276
53148,221
53149,276
53150,276
53151,276
53152,609
53153,644
53154,276
53155,566
53156,276
53157,276
53158,609
53159,252
53160,276
53161,245
53162,129
53163,178
53164,178
53165,128
53166,276
53167,276
53168,644
53169,276
53170,162
53171,644
53172,566
53173,56
53174,609
53175,233
53176,566
53177,233
53178,154
53179,129
53180,123
53181,154
53182,178
53183,276
53184,129
53185,276
53186,276
53187,276
53188,10
53189,644
53190,301
53191,233
53192,56
53193,276
53194,205
53195,276
53196,129
53197,178
53198,56
53199,221
53200,276
53201,276
53202,276
53203,276
53204,609
53205,334
53206,276
53207,276
53208,276
53209,276
53210,154
53211,276
53212,276
53213,276
53214,221
53215,276
53216,276
53217,276
53218,233
53219,30
53220,178
53221,276
53222,276
53223,276
53224,276
53225,276
53226,242
53227,221
53228,101
53229,276
53230,56
53231,644
53232,334
53233,221
53234,276
53235,276
53236,221
53237,129
53238,276
53239,276
53240,276
53241,10
53242,276
53243,276
53244,276
53245,644
53246,56
53247,276
53248,566
53249,276
53250,233
53251,233
53252,276
53253,276
53254,233
53255,233
53256,276
53257,644
53258,276
53259,276
53260,221
53261,154
53262,233
53263,276
53264,56
53265,93
53266,276
53267,566
53268,276
53269,276
53270,221
53271,233
53272,93
53273,301
53274,221
53275,162
53276,276
53277,154
53278,276
53279,233
53280,89
53281,334
53282,221
53283,276
53284,162
53285,276
53286,276
53287,56
53288,178
53289,276
53290,221
53291,276
53292,129
53293,276
53294,276
53295,276
53296,276
53297,644
53298,276
53299,276
53300,154
53301,129
53302,276
53303,198
53304,276
53305,276
53306,276
53307,221
53308,466
53309,56
53310,73
53311,129
53312,276
53313,276
53314,205
53315,194
53316,233
53317,276
53318,221
53319,301
53320,276
53321,252
53322,276
53323,276
53324,566
53325,276
53326,221
53327,276
53328,242
53329,276
53330,276
53331,276
53332,566
53333,10
53334,276
53335,30
53336,118
53337,154
53338,276
53339,276
53340,162
53341,56
53342,276
53343,178
53344,118
53345,221
53346,334
53347,276
53348,276
53349,129
53350,276
53351,194
53352,301
53353,233
53354,566
53355,198
53356,233
53357,276
53358,73
53359,276
53360,276
53361,221
53362,276
53363,233
53364,276
53365,276
53366,276
53367,73
53368,503
53369,30
53370,276
53371,276
53372,56
53373,644
53374,480
53375,101
53376,276
53377,276
53378,609
53379,334
53380,10
53381,101
53382,276
53383,221
53384,276
53385,10
53386,276
53387,162
53388,276
53389,178
53390,129
53391,276
53392,276
53393,118
53394,276
53395,276
53396,276
53397,276
53398,353
53399,154
53400,276
53401,276
53402,276
53403,480
53404,276
53405,129
53406,233
53407,276
53408,233
53409,233
53410,276
53411,56
53412,276
53413,276
53414,276
53415,178
53416,276
53417,276
53418,276
53419,276
53420,154
53421,221
53422,276
53423,221
53424,10
53425,129
53426,276
53427,93
53428,101
53429,301
53430,154
53431,276
53432,276
53433,276
53434,10
53435,56
53436,276
53437,644
53438,276
53439,276
53440,644
53441,276
53442,162
53443,644
53444,276
53445,233
53446,194
53447,276
53448,154
53449,276
53450,178
53451,566
53452,276
53453,301
53454,276
53455,233
53456,22
53457,276
53458,233
53459,178
53460,566
53461,221
53462,118
53463,233
53464,566
53465,162
53466,276
53467,56
53468,301
53469,233
53470,162
53471,276
53472,276
53473,276
53474,252
53475,154
53476,73
53477,30
53478,10
53479,205
53480,233
53481,154
53482,276
53483,154
53484,154
53485,178
53486,276
53487,644
53488,89
53489,276
53490,301
53491,276
53492,56
53493,178
53494,276
53495,154
53496,276
53497,644
53498,276
53499,129
53500,644
53501,644
53502,276
53503,129
53504,276
53505,276
53506,276
53507,301
53508,276
53509,233
53510,276
53511,276
53512,233
53513,233
53514,129
53515,221
53516,466
53517,154
53518,56
53519,276
53520,644
53521,221
53522,178
53523,10
53524,276
53525,276
53526,644
53527,566
53528,56
53529,276
53530,162
53531,276
53532,233
53533,154
53534,276
53535,566
53536,233
53537,154
53538,644
53539,129
53540,276
53541,233
53542,644
53543,56
53544,276
53545,276
53546,609
53547,276
53548,178
53549,644
53550,128
53551,233
53552,30
53553,233
53554,276
53555,276
53556,233
53557,233
53558,233
53559,276
53560,276
53561,178
53562,276
53563,221
53564,154
53565,492
53566,276
53567,276
53568,221
53569,252
53570,221
53571,276
53572,276
53573,129
53574,162
53575,162
53576,276
53577,644
53578,178
53579,233
53580,276
53581,178
53582,609
53583,233
53584,276
53585,162
53586,129
53587,276
53588,276
53589,221
53590,178
53591,162
53592,276
53593,276
53594,116
53595,198
53596,233
53597,276
53598,233
53599,276
53600,276
53601,644
53602,221
53603,129
53604,276
53605,93
53606,276
53607,276
53608,301
53609,233
53610,276
53611,129
53612,276
53613,513
53614,129
53615,276
53616,276
53617,276
53618,162
53619,154
53620,492
53621,129
53622,276
53623,276
53624,233
53625,644
53626,233
53627,221
53628,73
53629,178
53630,276
53631,276
53632,221
53633,233
53634,644
53635,178
53636,129
53637,276
53638,178
53639,233
53640,276
53641,276
53642,178
53643,276
53644,101
53645,276
53646,154
53647,56
53648,30
53649,276
53650,154
53651,101
53652,233
53653,56
53654,609
53655,129
53656,276
53657,609
53658,311
53659,30
53660,22
53661,252
53662,276
53663,178
53664,276
53665,221
53666,233
53667,644
53668,154
53669,276
53670,276
53671,276
53672,644
53673,252
53674,276
53675,276
53676,89
53677,233
53678,644
53679,566
53680,178
53681,276
53682,89
53683,276
53684,162
53685,276
53686,93
53687,276
53688,178
53689,178
53690,276
53691,644
53692,276
53693,644
53694,276
53695,276
53696,233
53697,56
53698,205
53699,276
53700,129
53701,233
53702,221
53703,276
53704,276
53705,301
53706,129
53707,154
53708,566
53709,454
53710,233
53711,301
53712,301
53713,276
53714,118
53715,233
53716,194
53717,221
53718,276
53719,644
53720,233
53721,204
53722,276
53723,129
53724,276
53725,178
53726,276
53727,276
53728,276
53729,221
53730,276
53731,644
53732,276
53733,276
53734,233
53735,194
53736,644
53737,154
53738,73
53739,276
53740,178
53741,276
53742,233
53743,276
53744,178
53745,194
53746,233
53747,233
53748,178
53749,129
53750,276
53751,609
53752,22
53753,276
53754,56
53755,416
53756,30
53757,435
53758,334
53759,252
53760,276
53761,644
53762,194
53763,276
53764,644
53765,73
53766,644
53767,276
53768,276
53769,233
53770,233
53771,221
53772,154
53773,276
53774,276
53775,162
53776,205
53777,276
53778,644
53779,276
53780,276
53781,221
53782,276
53783,301
53784,233
53785,30
53786,276
53787,22
53788,276
53789,154
53790,276
53791,276
53792,276
53793,276
53794,276
53795,30
53796,276
53797,178
53798,101
53799,276
53800,276
53801,276
53802,89
53803,205
53804,276
53805,129
53806,194
53807,276
53808,276
53809,276
53810,252
53811,276
53812,276
53813,221
53814,276
53815,89
53816,276
53817,334
53818,334
53819,56
53820,609
53821,233
53822,221
53823,276
53824,178
53825,178
53826,276
53827,205
53828,276
53829,233
53830,56
53831,56
53832,233
53833,644
53834,162
53835,233
53836,276
53837,233
53838,276
53839,233
53840,129
53841,416
53842,276
53843,276
53844,644
53845,129
53846,276
53847,301
53848,276
53849,644
53850,276
53851,233
53852,245
53853,276
53854,301
53855,178
53856,276
53857,162
53858,566
53859,221
53860,276
53861,276
53862,276
53863,233
53864,276
53865,276
53866,89
53867,276
53868,276
53869,56
53870,454
53871,178
53872,644
53873,276
53874,178
53875,56
53876,276
53877,56
53878,276
53879,56
53880,276
53881,276
53882,221
53883,129
53884,276
53885,435
53886,276
53887,221
53888,276
53889,276
53890,276
53891,276
53892,129
53893,276
53894,10
53895,276
53896,56
53897,276
53898,276
53899,276
53900,178
53901,242
53902,276
53903,276
53904,454
53905,290
53906,233
53907,10
53908,233
53909,221
53910,252
53911,276
53912,191
53913,276
53914,129
53915,276
53916,233
53917,276
53918,276
53919,334
53920,252
53921,644
53922,129
53923,276
53924,56
53925,56
53926,178
53927,276
53928,129
53929,162
53930,162
53931,566
53932,154
53933,276
53934,276
53935,276
53936,276
53937,198
53938,129
53939,221
53940,276
53941,252
53942,609
53943,276
53944,233
53945,56
53946,301
53947,276
53948,276
53949,129
53950,276
53951,644
53952,221
53953,276
53954,276
53955,276
53956,233
53957,276
53958,566
53959,423
53960,276
53961,276
53962,129
53963,276
53964,22
53965,644
53966,233
53967,10
53968,276
53969,233
53970,129
53971,221
53972,276
53973,221
53974,56
53975,154
53976,644
53977,128
53978,276
53979,334
53980,129
53981,276
53982,30
53983,276
53984,198
53985,233
53986,221
53987,301
53988,129
53989,198
53990,89
53991,276
53992,221
53993,233
53994,252
53995,276
53996,30
53997,276
53998,276
53999,129
54000,154
54001,221
54002,276
54003,276
54004,276
54005,276
54006,276
54007,178
54008,276
54009,644
54010,178
54011,233
54012,233
54013,22
54014,10
54015,129
54016,276
54017,233
54018,276
54019,178
54020,129
54021,276
54022,89
54023,276
54024,334
54025,276
54026,503
54027,245
54028,233
54029,221
54030,276
54031,276
54032,129
54033,233
54034,276
54035,10
54036,178
54037,129
54038,221
54039,178
54040,644
54041,276
54042,276
54043,233
54044,276
54045,276
54046,46
54047,644
54048,276
54049,30
54050,276
54051,276
54052,252
54053,609
54054,276
54055,233
54056,178
54057,276
54058,233
54059,276
54060,276
54061,276
54062,276
54063,162
54064,276
54065,245
54066,233
54067,276
54068,252
54069,233
54070,129
54071,276
54072,276
54073,194
54074,233
54075,276
54076,233
54077,644
54078,276
54079,276
54080,101
54081,10
54082,116
54083,56
54084,276
54085,178
54086,276
54087,221
54088,276
54089,276
54090,276
54091,276
54092,252
54093,178
54094,644
54095,118
54096,89
54097,205
54098,644
54099,276
54100,276
54101,221
54102,276
54103,276
54104,276
54105,644
54106,233
54107,276
54108,221
54109,233
54110,276
54111,162
54112,276
54113,276
54114,129
54115,276
54116,276
54117,480
54118,118
54119,56
54120,178
54121,56
54122,10
54123,276
54124,276
54125,276
54126,435
54127,276
54128,10
54129,205
54130,480
54131,276
54132,276
54133,89
54134,644
54135,276
54136,276
54137,233
54138,503
54139,276
54140,178
54141,710
54142,276
54143,129
54144,10
54145,154
54146,154
54147,644
54148,89
54149,276
54150,154
54151,205
54152,276
54153,221
54154,89
54155,221
54156,221
54157,480
54158,276
54159,644
54160,233
54161,276
54162,129
54163,276
54164,221
54165,221
54166,233
54167,466
54168,435
54169,233
54170,609
54171,276
54172,644
54173,178
54174,221
54175,276
54176,644
54177,154
54178,10
54179,276
54180,233
54181,276
54182,221
54183,252
54184,129
54185,276
54186,154
54187,118
54188,301
54189,123
54190,56
54191,123
54192,353
54193,245
54194,609
54195,276
54196,178
54197,30
54198,233
54199,10
54200,276
54201,276
54202,609
54203,276
54204,276
54205,221
54206,644
54207,334
54208,276
54209,276
54210,56
54211,56
54212,566
54213,276
54214,56
54215,276
54216,276
54217,56
54218,129
54219,178
54220,276
54221,56
54222,276
54223,233
54224,435
54225,276
54226,276
54227,609
54228,276
54229,276
54230,22
54231,178
54232,154
54233,205
54234,276
54235,276
54236,276
54237,454
54238,89
54239,276
54240,178
54241,276
54242,276
54243,56
54244,56
54245,129
54246,276
54247,56
54248,276
54249,276
54250,276
54251,644
54252,276
54253,178
54254,276
54255,154
54256,276
54257,139
54258,221
54259,252
54260,276
54261,276
54262,276
54263,276
54264,276
54265,233
54266,30
54267,566
54268,276
54269,252
54270,276
54271,178
54272,644
54273,221
54274,221
54275,154
54276,89
54277,233
54278,276
54279,276
54280,101
54281,276
54282,233
54283,276
54284,10
54285,154
54286,221
54287,480
54288,276
54289,178
54290,276
54291,276
54292,276
54293,276
54294,56
54295,566
54296,566
54297,252
54298,154
54299,123
54300,276
54301,129
54302,276
54303,129
54304,480
54305,276
54306,644
54307,276
54308,276
54309,252
54310,10
54311,276
54312,56
54313,178
54314,233
54315,276
54316,233
54317,162
54318,276
54319,56
54320,162
54321,154
54322,56
54323,276
54324,129
54325,10
54326,252
54327,233
54328,276
54329,233
54330,276
54331,22
54332,89
54333,566
54334,129
54335,301
54336,276
54337,154
54338,276
54339,164
54340,46
54341,22
54342,276
54343,129
54344,252
54345,609
54346,154
54347,276
54348,276
54349,221
54350,10
54351,301
54352,276
54353,233
54354,276
54355,10
54356,276
54357,276
54358,221
54359,252
54360,276
54361,301
54362,276
54363,290
54364,205
54365,178
54366,276
54367,334
54368,276
54369,221
54370,118
54371,276
54372,276
54373,644
54374,56
54375,89
54376,56
54377,644
54378,129
54379,154
54380,178
54381,30
54382,276
54383,276
54384,233
54385,644
54386,233
54387,276
54388,154
54389,56
54390,566
54391,233
54392,276
54393,233
54394,276
54395,101
54396,276
54397,252
54398,644
54399,178
54400,252
54401,276
54402,101
54403,56
54404,233
54405,233
54406,276
54407,644
54408,204
54409,276
54410,276
54411,178
54412,276
54413,178
54414,164
54415,10
54416,276
54417,276
54418,198
54419,276
54420,10
54421,276
54422,198
54423,22
54424,89
54425,101
54426,276
54427,233
54428,56
54429,276
54430,252
54431,276
54432,276
54433,56
54434,276
54435,252
54436,566
54437,252
54438,56
54439,609
54440,154
54441,178
54442,566
54443,276
54444,276
54445,276
54446,276
54447,233
54448,301
54449,129
54450,56
54451,252
54452,276
54453,609
54454,480
54455,276
54456,10
54457,221
54458,221
54459,276
54460,276
54461,252
54462,276
54463,276
54464,56
54465,129
54466,233
54467,233
54468,233
54469,233
54470,30
54471,276
54472,276
54473,56
54474,276
54475,353
54476,56
54477,276
54478,276
54479,644
54480,276
54481,129
54482,276
54483,56
54484,276
54485,276
54486,301
54487,644
54488,198
54489,276
54490,22
54491,89
54492,154
54493,89
54494,276
54495,276
54496,276
54497,276
54498,178
54499,129
54500,154
54501,154
54502,503
54503,435
54504,154
54505,101
54506,276
54507,276
54508,276
54509,233
54510,56
54511,276
54512,480
54513,276
54514,334
54515,233
54516,129
54517,276
54518,276
54519,276
54520,162
54521,205
54522,221
54523,233
54524,221
54525,276
54526,101
54527,123
54528,233
54529,178
54530,276
54531,233
54532,233
54533,233
54534,276
54535,276
54536,276
54537,276
54538,221
54539,353
54540,276
54541,276
54542,276
54543,129
54544,221
54545,129
54546,276
54547,416
54548,566
54549,276
54550,671
54551,123
54552,276
54553,276
54554,276
54555,276
54556,162
54557,178
54558,129
54559,276
54560,221
54561,73
54562,233
54563,276
54564,276
54565,154
54566,276
54567,10
54568,276
54569,276
54570,276
54571,435
54572,276
54573,233
54574,276
54575,566
54576,123
54577,276
54578,566
54579,276
54580,221
54581,276
54582,178
54583,276
54584,276
54585,56
54586,276
54587,233
54588,276
54589,233
54590,178
54591,233
54592,334
54593,276
54594,276
54595,276
54596,276
54597,276
54598,276
54599,233
54600,30
54601,56
54602,644
54603,101
54604,276
54605,191
54606,276
54607,30
54608,276
54609,276
54610,276
54611,276
54612,276
54613,276
54614,221
54615,566
54616,276
54617,162
54618,276
54619,276
54620,276
54621,276
54622,162
54623,276
54624,129
54625,276
54626,233
54627,178
54628,252
54629,154
54630,276
54631,644
54632,276
54633,221
54634,221
54635,154
54636,276
54637,276
54638,416
54639,101
54640,276
54641,276
54642,89
54643,129
54644,178
54645,198
54646,276
54647,178
54648,252
54649,644
54650,178
54651,233
54652,101
54653,93
54654,416
54655,129
54656,301
54657,233
54658,178
54659,276
54660,644
54661,276
54662,233
54663,129
54664,334
54665,276
54666,644
54667,56
54668,276
54669,276
54670,129
54671,276
54672,301
54673,56
54674,276
54675,276
54676,276
54677,276
54678,609
54679,566
54680,154
54681,154
54682,233
54683,129
54684,276
54685,276
54686,194
54687,245
54688,276
54689,276
54690,89
54691,276
54692,276
54693,233
54694,10
54695,276
54696,233
54697,221
54698,276
54699,609
54700,276
54701,178
54702,178
54703,276
54704,276
54705,276
54706,154
54707,276
54708,503
54709,276
54710,276
54711,73
54712,644
54713,233
54714,162
54715,276
54716,178
54717,129
54718,435
54719,466
54720,221
54721,276
54722,233
54723,162
54724,129
54725,301
54726,56
54727,89
54728,154
54729,301
54730,129
54731,276
54732,276
54733,129
54734,276
54735,276
54736,276
54737,178
54738,233
54739,290
54740,276
54741,276
54742,276
54743,178
54744,276
54745,56
54746,276
54747,276
54748,233
54749,221
54750,609
54751,276
54752,154
54753,129
54754,276
54755,276
54756,644
54757,609
54758,644
54759,276
54760,276
54761,154
54762,276
54763,73
54764,56
54765,129
54766,276
54767,276
54768,644
54769,73
54770,276
54771,178
54772,301
54773,276
54774,276
54775,276
54776,198
54777,276
54778,178
54779,154
54780,221
54781,178
54782,178
54783,276
54784,276
54785,178
54786,154
54787,276
54788,276
54789,154
54790,276
54791,205
54792,116
54793,89
54794,56
54795,276
54796,276
54797,178
54798,466
54799,10
54800,252
54801,116
54802,276
54803,480
54804,233
54805,178
54806,89
54807,276
54808,276
54809,276
54810,221
54811,566
54812,221
54813,89
54814,252
54815,221
54816,276
54817,154
54818,221
54819,566
54820,276
54821,276
54822,644
54823,252
54824,276
54825,480
54826,644
54827,276
54828,56
54829,233
54830,30
54831,252
54832,178
54833,221
54834,334
54835,233
54836,252
54837,276
54838,233
54839,276
54840,123
54841,221
54842,276
54843,30
54844,56
54845,276
54846,233
54847,56
54848,164
54849,129
54850,213
54851,221
54852,276
54853,276
54854,276
54855,276
54856,503
54857,276
54858,276
54859,56
54860,89
54861,326
54862,221
54863,118
54864,101
54865,566
54866,276
54867,221
54868,178
54869,644
54870,276
54871,276
54872,276
54873,205
54874,644
54875,30
54876,56
54877,276
54878,128
54879,334
54880,30
54881,276
54882,276
54883,276
54884,252
54885,276
54886,301
54887,276
54888,503
54889,276
54890,423
54891,154
54892,334
54893,129
54894,162
54895,276
54896,129
54897,178
54898,56
54899,276
54900,276
54901,276
54902,276
54903,233
54904,56
54905,93
54906,129
54907,162
54908,276
54909,276
54910,276
54911,56
54912,129
54913,334
54914,198
54915,30
54916,233
54917,276
54918,276
54919,276
54920,276
54921,276
54922,276
54923,252
54924,644
54925,128
54926,276
54927,178
54928,56
54929,301
54930,162
54931,154
54932,221
54933,276
54934,644
54935,334
54936,276
54937,276
54938,301
54939,276
54940,644
54941,566
54942,178
54943,276
54944,233
54945,276
54946,311
54947,276
54948,73
54949,276
54950,276
54951,480
54952,276
54953,178
54954,609
54955,178
54956,154
54957,276
54958,644
54959,89
54960,276
54961,276
54962,276
54963,276
54964,276
54965,178
54966,566
54967,301
54968,129
54969,30
54970,276
54971,154
54972,276
54973,233
54974,276
54975,276
54976,276
54977,276
54978,276
54979,221
54980,178
54981,276
54982,276
54983,154
54984,233
54985,276
54986,276
54987,30
54988,480
54989,101
54990,423
54991,276
54992,56
54993,276
54994,276
54995,221
54996,276
54997,276
54998,301
54999,566
55000,276
55001,276
55002,178
55003,276
55004,276
55005,276
55006,276
55007,56
55008,56
55009,454
55010,178
55011,56
55012,644
55013,233
55014,276
55015,221
55016,242
55017,204
55018,276
55019,276
55020,178
55021,276
55022,233
55023,644
55024,129
55025,276
55026,233
55027,276
55028,30
55029,276
55030,233
55031,276
55032,334
55033,276
55034,276
55035,276
55036,276
55037,276
55038,154
55039,178
55040,276
55041,276
55042,198
55043,276
55044,644
55045,154
55046,276
55047,276
55048,233
55049,56
55050,276
55051,221
55052,276
55053,276
55054,233
55055,301
55056,233
55057,129
55058,276
55059,252
55060,276
55061,334
55062,178
55063,10
55064,276
55065,276
55066,276
55067,242
55068,56
55069,233
55070,276
55071,454
55072,10
55073,101
55074,30
55075,334
55076,276
55077,276
55078,128
55079,566
55080,118
55081,162
55082,276
55083,276
55084,252
55085,276
55086,252
55087,233
55088,205
55089,221
55090,233
55091,233
55092,89
55093,276
55094,276
55095,301
55096,276
55097,276
55098,233
55099,276
55100,566
55101,276
55102,276
55103,178
55104,276
55105,129
55106,276
55107,221
55108,276
55109,276
55110,276
55111,276
55112,30
55113,10
55114,609
55115,129
55116,454
55117,276
55118,334
55119,221
55120,301
55121,276
55122,644
55123,178
55124,276
55125,276
55126,30
55127,129
55128,233
55129,154
55130,276
55131,503
55132,221
55133,276
55134,276
55135,644
55136,276
55137,233
55138,276
55139,221
55140,233
55141,194
55142,276
55143,276
55144,233
55145,233
55146,276
55147,118
55148,276
55149,233
55150,233
55151,233
55152,276
55153,276
55154,276
55155,276
55156,276
55157,276
55158,276
55159,129
55160,334
55161,276
55162,644
55163,276
55164,480
55165,178
55166,129
55167,276
55168,276
55169,56
55170,644
55171,162
55172,129
55173,245
55174,276
55175,276
55176,178
55177,56
55178,154
55179,252
55180,56
55181,129
55182,276
55183,276
55184,178
55185,276
55186,334
55187,233
55188,89
55189,276
55190,10
55191,178
55192,198
55193,56
55194,129
55195,276
55196,30
55197,233
55198,480
55199,566
55200,276
55201,233
55202,233
55203,276
55204,276
55205,221
55206,276
55207,154
55208,276
55209,129
55210,276
55211,276
55212,276
55213,276
55214,129
55215,56
55216,129
55217,276
55218,178
55219,276
55220,242
55221,221
55222,178
55223,233
55224,10
55225,233
55226,178
55227,276
55228,221
55229,276
55230,178
55231,162
55232,162
55233,276
55234,276
55235,129
55236,276
55237,10
55238,233
55239,276
55240,276
55241,89
55242,276
55243,276
55244,276
55245,301
55246,276
55247,276
55248,233
55249,178
55250,89
55251,301
55252,276
55253,276
55254,221
55255,276
55256,334
55257,233
55258,276
55259,416
55260,276
55261,154
55262,503
55263,233
55264,129
55265,435
55266,162
55267,154
55268,276
55269,276
55270,22
55271,89
55272,276
55273,154
55274,56
55275,22
55276,276
55277,10
55278,129
55279,213
55280,276
55281,10
55282,233
55283,276
55284,276
55285,128
55286,276
55287,233
55288,10
55289,276
55290,276
55291,276
55292,178
55293,129
55294,644
55295,276
55296,276
55297,178
55298,221
55299,233
55300,123
55301,221
55302,416
55303,276
55304,221
55305,276
55306,276
55307,233
55308,301
55309,198
55310,178
55311,10
55312,276
55313,276
55314,233
55315,454
55316,205
55317,276
55318,128
55319,276
55320,276
55321,205
55322,276
55323,129
55324,56
55325,56
55326,644
55327,311
55328,276
55329,301
55330,276
55331,56
55332,276
55333,178
55334,233
55335,162
55336,435
55337,221
55338,233
55339,154
55340,178
55341,221
55342,221
55343,276
55344,276
55345,154
55346,89
55347,301
55348,89
55349,276
55350,154
55351,233
55352,89
55353,233
55354,56
55355,276
55356,334
55357,178
55358,276
55359,301
55360,276
55361,276
55362,276
55363,276
55364,129
55365,233
55366,129
55367,353
55368,276
55369,276
55370,233
55371,154
55372,276
55373,644
55374,276
55375,162
55376,89
55377,56
55378,233
55379,301
55380,205
55381,644
55382,566
55383,233
55384,56
55385,276
55386,178
55387,233
55388,276
55389,162
55390,154
55391,334
55392,276
55393,480
55394,609
55395,276
55396,221
55397,276
55398,276
55399,154
55400,10
55401,276
55402,198
55403,233
55404,276
55405,56
55406,154
55407,276
55408,276
55409,276
55410,276
55411,276
55412,129
55413,154
55414,198
55415,276
55416,276
55417,276
55418,276
55419,644
55420,276
55421,566
55422,154
55423,276
55424,221
55425,276
55426,129
55427,276
55428,221
55429,252
55430,276
55431,178
55432,233
55433,276
55434,56
55435,301
55436,129
55437,276
55438,276
55439,129
55440,276
55441,276
55442,276
55443,73
55444,276
55445,204
55446,233
55447,221
55448,56
55449,178
55450,252
55451,178
55452,276
55453,276
55454,276
55455,233
55456,644
55457,93
55458,129
55459,162
55460,276
55461,276
55462,56
55463,276
55464,252
55465,178
55466,644
55467,276
55468,56
55469,276
55470,162
55471,205
55472,154
55473,334
55474,73
55475,301
55476,276
55477,123
55478,162
55479,566
55480,129
55481,129
55482,276
55483,129
55484,154
55485,276
55486,480
55487,276
55488,221
55489,129
55490,276
55491,233
55492,276
55493,162
55494,276
55495,276
55496,671
55497,233
55498,334
55499,276
55500,129
55501,221
55502,22
55503,252
55504,276
55505,221
55506,233
55507,276
55508,73
55509,252
55510,276
55511,129
55512,276
55513,233
55514,56
55515,644
55516,276
55517,276
55518,276
55519,233
55520,233
55521,233
55522,233
55523,276
55524,221
55525,204
55526,154
55527,178
55528,276
55529,233
55530,276
55531,30
55532,276
55533,233
55534,276
55535,233
55536,276
55537,221
55538,276
55539,154
55540,276
55541,233
55542,233
55543,178
55544,162
55545,276
55546,276
55547,492
55548,154
55549,139
55550,22
55551,276
55552,301
55553,101
55554,276
55555,276
55556,334
55557,129
55558,276
55559,221
55560,276
55561,276
55562,129
55563,276
55564,301
55565,276
55566,178
55567,644
55568,435
55569,276
55570,101
55571,129
55572,276
55573,435
55574,276
55575,221
55576,301
55577,129
55578,276
55579,644
55580,276
55581,233
55582,139
55583,56
55584,178
55585,276
55586,221
55587,56
55588,129
55589,644
55590,56
55591,276
55592,276
55593,89
55594,178
55595,233
55596,73
55597,276
55598,10
55599,276
55600,276
55601,276
55602,276
55603,221
55604,276
55605,233
55606,118
55607,609
55608,276
55609,198
55610,644
55611,276
55612,139
55613,276
55614,276
55615,276
55616,276
55617,178
55618,233
55619,276
55620,276
55621,233
55622,334
55623,276
55624,276
55625,276
55626,101
55627,480
55628,276
55629,353
55630,276
55631,276
55632,609
55633,233
55634,233
55635,276
55636,73
55637,129
55638,73
55639,276
55640,154
55641,276
55642,276
55643,178
55644,252
55645,644
55646,56
55647,276
55648,233
55649,276
55650,276
55651,276
55652,276
55653,221
55654,276
55655,56
55656,178
55657,276
55658,252
55659,276
55660,276
55661,154
55662,276
55663,276
55664,252
55665,276
55666,242
55667,162
55668,221
55669,301
55670,276
55671,154
55672,162
55673,290
55674,123
55675,301
55676,276
55677,276
55678,198
55679,276
55680,644
55681,154
55682,566
55683,252
55684,276
55685,162
55686,233
55687,154
55688,205
55689,276
55690,154
55691,221
55692,276
55693,129
55694,205
55695,589
55696,252
55697,276
55698,276
55699,644
55700,276
55701,276
55702,276
55703,276
55704,233
55705,233
55706,233
55707,276
55708,480
55709,233
55710,56
55711,233
55712,276
55713,154
55714,89
55715,162
55716,213
55717,276
55718,178
55719,233
55720,276
55721,129
55722,276
55723,221
55724,129
55725,566
55726,276
55727,276
55728,276
55729,480
55730,154
55731,276
55732,154
55733,123
55734,276
55735,276
55736,233
55737,245
55738,276
55739,154
55740,129
55741,276
55742,276
55743,233
55744,178
55745,128
55746,233
55747,276
55748,334
55749,276
55750,276
55751,276
55752,178
55753,276
55754,276
55755,242
55756,221
55757,276
55758,10
55759,233
55760,205
55761,129
55762,276
55763,233
55764,276
55765,416
55766,276
55767,252
55768,245
55769,154
55770,276
55771,56
55772,276
55773,276
55774,276
55775,221
55776,301
55777,353
55778,178
55779,276
55780,233
55781,644
55782,276
55783,89
55784,644
55785,276
55786,221
55787,276
55788,221
55789,435
55790,154
55791,56
55792,178
55793,276
55794,276
55795,276
55796,73
55797,276
55798,169
55799,276
55800,129
55801,221
55802,93
55803,178
55804,154
55805,276
55806,10
55807,276
55808,233
55809,89
55810,221
55811,221
55812,276
55813,276
55814,334
55815,276
55816,204
55817,276
55818,276
55819,416
55820,334
55821,276
55822,276
55823,129
55824,129
55825,162
55826,276
55827,276
55828,194
55829,101
55830,276
55831,276
55832,276
55833,89
55834,276
55835,162
55836,89
55837,221
55838,334
55839,56
55840,276
55841,566
55842,276
55843,221
55844,252
55845,129
55846,276
55847,154
55848,154
55849,233
55850,276
55851,644
55852,129
55853,276
55854,10
55855,233
55856,252
55857,435
55858,276
55859,301
55860,56
55861,276
55862,56
55863,139
55864,10
55865,276
55866,276
55867,276
55868,276
55869,276
55870,276
55871,644
55872,276
55873,178
55874,10
55875,154
55876,644
55877,276
55878,233
55879,276
55880,276
55881,56
55882,276
55883,89
55884,56
55885,221
55886,334
55887,276
55888,276
55889,154
55890,233
55891,252
55892,233
55893,276
55894,178
55895,276
55896,276
55897,162
55898,221
55899,276
55900,276
55901,276
55902,276
55903,334
55904,178
55905,252
55906,205
55907,154
55908,644
55909,10
55910,276
55911,276
55912,644
55913,221
55914,56
55915,154
55916,644
55917,221
55918,56
55919,56
55920,10
55921,178
55922,56
55923,178
55924,233
55925,276
55926,205
55927,276
55928,276
55929,56
55930,353
55931,566
55932,276
55933,56
55934,129
55935,221
55936,233
55937,178
55938,154
55939,178
55940,566
55941,221
55942,233
55943,276
55944,89
55945,233
55946,129
55947,644
55948,221
55949,276
55950,162
55951,276
55952,644
55953,276
55954,276
55955,276
55956,276
55957,252
55958,221
55959,129
55960,252
55961,162
55962,644
55963,178
55964,480
55965,276
55966,276
55967,221
55968,162
55969,178
55970,101
55971,276
55972,129
55973,221
55974,276
55975,194
55976,129
55977,454
55978,129
55979,334
55980,56
55981,644
55982,276
55983,10
55984,276
55985,644
55986,252
55987,276
55988,205
55989,221
55990,276
55991,162
55992,276
55993,118
55994,566
55995,233
55996,242
55997,276
55998,22
55999,233
56000,221
56001,276
56002,178
56003,118
56004,276
56005,276
56006,276
56007,276
56008,276
56009,129
56010,423
56011,276
56012,233
56013,233
56014,89
56015,178
56016,56
56017,276
56018,10
56019,276
56020,101
56021,566
56022,644
56023,644
56024,276
56025,276
56026,334
56027,276
56028,276
56029,276
56030,191
56031,276
56032,353
56033,221
56034,276
56035,233
56036,154
56037,276
56038,178
56039,480
56040,276
56041,644
56042,154
56043,276
56044,276
56045,129
56046,276
56047,128
56048,233
56049,416
56050,233
56051,276
56052,276
56053,276
56054,221
56055,276
56056,245
56057,644
56058,276
56059,276
56060,276
56061,276
56062,276
56063,233
56064,10
56065,276
56066,178
56067,178
56068,609
56069,353
56070,334
56071,221
56072,56
56073,276
56074,276
56075,276
56076,56
56077,276
56078,276
56079,276
56080,276
56081,276
56082,276
56083,276
56084,301
56085,233
56086,276
56087,435
56088,276
56089,205
56090,276
56091,233
56092,73
56093,89
56094,178
56095,233
56096,56
56097,154
56098,609
56099,276
56100,276
56101,276
56102,30
56103,221
56104,276
56105,644
56106,276
56107,276
56108,334
56109,276
56110,276
56111,276
56112,154
56113,609
56114,566
56115,276
56116,276
56117,276
56118,162
56119,154
56120,101
56121,353
56122,30
56123,644
56124,129
56125,276
56126,276
56127,276
56128,129
56129,276
56130,276
56131,276
56132,644
56133,128
56134,276
56135,276
56136,221
56137,276
56138,118
56139,178
56140,129
56141,162
56142,276
56143,233
56144,276
56145,334
56146,221
56147,129
56148,276
56149,276
56150,221
56151,89
56152,276
56153,22
56154,276
56155,276
56156,276
56157,154
56158,301
56159,276
56160,416
56161,276
56162,276
56163,154
56164,10
56165,154
56166,276
56167,30
56168,276
56169,276
56170,10
56171,276
56172,129
56173,56
56174,276
56175,101
56176,205
56177,276
56178,276
56179,93
56180,123
56181,276
56182,204
56183,221
56184,252
56185,56
56186,276
56187,276
56188,221
56189,178
56190,276
56191,276
56192,276
56193,221
56194,129
56195,276
56196,252
56197,276
56198,129
56199,644
56200,566
56201,221
56202,129
56203,276
56204,233
56205,93
56206,423
56207,276
56208,221
56209,129
56210,233
56211,566
56212,644
56213,276
56214,10
56215,22
56216,276
56217,93
56218,276
56219,233
56220,276
56221,276
56222,334
56223,205
56224,178
56225,252
56226,276
56227,276
56228,178
56229,276
56230,233
56231,276
56232,123
56233,233
56234,301
56235,276
56236,276
56237,221
56238,252
56239,162
56240,644
56241,252
56242,56
56243,276
56244,194
56245,276
56246,644
56247,276
56248,276
56249,276
56250,276
56251,56
56252,276
56253,644
56254,276
56255,252
56256,178
56257,139
56258,276
56259,276
56260,221
56261,221
56262,233
56263,178
56264,221
56265,276
56266,276
56267,129
56268,129
56269,276
56270,276
56271,276
56272,252
56273,276
56274,252
56275,221
56276,276
56277,178
56278,276
56279,129
56280,123
56281,416
56282,276
56283,252
56284,609
56285,22
56286,233
56287,276
56288,162
56289,178
56290,252
56291,276
56292,423
56293,56
56294,89
56295,644
56296,609
56297,221
56298,276
56299,276
56300,276
56301,233
56302,644
56303,276
56304,276
56305,334
56306,221
56307,644
56308,276
56309,129
56310,276
56311,162
56312,128
56313,276
56314,276
56315,221
56316,194
56317,221
56318,480
56319,178
56320,30
56321,276
56322,101
56323,154
56324,276
56325,276
56326,252
56327,233
56328,89
56329,644
56330,233
56331,162
56332,56
56333,178
56334,276
56335,129
56336,252
56337,276
56338,334
56339,301
56340,276
56341,233
56342,10
56343,276
56344,22
56345,609
56346,178
56347,276
56348,276
56349,276
56350,276
56351,301
56352,233
56353,30
56354,162
56355,89
56356,276
56357,276
56358,276
56359,233
56360,276
56361,566
56362,93
56363,139
56364,205
56365,178
56366,178
56367,276
56368,276
56369,276
56370,162
56371,178
56372,154
56373,128
56374,276
56375,276
56376,276
56377,233
56378,276
56379,252
56380,276
56381,178
56382,233
56383,276
56384,301
56385,221
56386,221
56387,276
56388,73
56389,129
56390,73
56391,276
56392,221
56393,221
56394,276
56395,233
56396,644
56397,276
56398,162
56399,129
56400,233
56401,276
56402,276
56403,221
56404,276
56405,129
56406,10
56407,154
56408,276
56409,129
56410,221
56411,276
56412,276
56413,10
56414,276
56415,233
56416,245
56417,129
56418,154
56419,198
56420,245
56421,276
56422,301
56423,276
56424,276
56425,30
56426,334
56427,276
56428,233
56429,129
56430,93
56431,221
56432,252
56433,276
56434,154
56435,162
56436,233
56437,233
56438,56
56439,56
56440,435
56441,178
56442,276
56443,301
56444,276
56445,276
56446,276
56447,276
56448,221
56449,276
56450,276
56451,252
56452,276
56453,276
56454,276
56455,101
56456,56
56457,178
56458,233
56459,221
56460,276
56461,252
56462,30
56463,454
56464,276
56465,566
56466,276
56467,276
56468,480
56469,221
56470,276
56471,252
56472,118
56473,276
56474,22
56475,233
56476,56
56477,276
56478,353
56479,276
56480,644
56481,221
56482,492
56483,480
56484,233
56485,129
56486,221
56487,644
56488,221
56489,178
56490,221
56491,233
56492,276
56493,276
56494,301
56495,30
56496,233
56497,480
56498,198
56499,89
56500,334
56501,154
56502,276
56503,178
56504,276
56505,276
56506,276
56507,276
56508,56
56509,233
56510,276
56511,276
56512,276
56513,276
56514,276
56515,276
56516,276
56517,276
56518,56
56519,276
56520,276
56521,276
56522,178
56523,423
56524,233
56525,162
56526,245
56527,101
56528,191
56529,276
56530,276
56531,276
56532,56
56533,233
56534,30
56535,276
56536,221
56537,233
56538,609
56539,56
56540,276
56541,276
56542,252
56543,198
56544,252
56545,276
56546,276
56547,276
56548,276
56549,30
56550,276
56551,353
56552,162
56553,276
56554,30
56555,178
56556,276
56557,276
56558,276
56559,276
56560,154
56561,276
56562,252
56563,480
56564,62
56565,276
56566,56
56567,276
56568,101
56569,276
56570,245
56571,101
56572,276
56573,154
56574,301
56575,276
56576,276
56577,129
56578,252
56579,566
56580,233
56581,101
56582,123
56583,276
56584,178
56585,129
56586,276
56587,276
56588,198
56589,276
56590,644
56591,205
56592,233
56593,56
56594,118
56595,503
56596,56
56597,276
56598,276
56599,233
56600,276
56601,276
56602,56
56603,221
56604,276
56605,276
56606,178
56607,154
56608,233
56609,276
56610,276
56611,276
56612,233
56613,221
56614,276
56615,276
56616,252
56617,276
56618,221
56619,233
56620,56
56621,233
56622,10
56623,276
56624,56
56625,276
56626,276
56627,301
56628,276
56629,101
56630,233
56631,276
56632,435
56633,276
56634,276
56635,276
56636,276
56637,276
56638,609
56639,233
56640,276
56641,162
56642,233
56643,233
56644,101
56645,10
56646,233
56647,129
56648,566
56649,178
56650,276
56651,129
56652,129
56653,221
56654,644
56655,276
56656,89
56657,154
56658,276
56659,276
56660,276
56661,276
56662,276
56663,233
56664,129
56665,276
56666,276
56667,276
56668,276
56669,644
56670,644
56671,221
56672,93
56673,276
56674,644
56675,644
56676,154
56677,276
56678,276
56679,129
56680,276
56681,276
56682,129
56683,129
56684,276
56685,178
56686,276
56687,276
56688,644
56689,276
56690,93
56691,221
56692,252
56693,252
56694,73
56695,89
56696,252
56697,233
56698,276
56699,154
56700,480
56701,276
56702,276
56703,353
56704,276
56705,276
56706,233
56707,276
56708,73
56709,276
56710,503
56711,276
56712,276
56713,334
56714,252
56715,276
56716,233
56717,276
56718,566
56719,301
56720,644
56721,276
56722,233
56723,276
56724,276
56725,276
56726,221
56727,56
56728,276
56729,276
56730,233
56731,454
56732,301
56733,252
56734,503
56735,73
56736,503
56737,644
56738,56
56739,276
56740,221
56741,276
56742,644
56743,353
56744,178
56745,154
56746,129
56747,276
56748,276
56749,221
56750,276
56751,233
56752,609
56753,178
56754,276
56755,276
56756,221
56757,276
56758,233
56759,334
56760,276
56761,221
56762,221
56763,56
56764,276
56765,276
56766,178
56767,276
56768,416
56769,276
56770,101
56771,276
56772,276
56773,276
56774,276
56775,644
56776,233
56777,276
56778,89
56779,178
56780,334
56781,233
56782,276
56783,252
56784,334
56785,252
56786,276
56787,276
56788,178
56789,129
56790,276
56791,56
56792,276
56793,454
56794,233
56795,644
56796,276
56797,644
56798,205
56799,276
56800,233
56801,276
56802,30
56803,162
56804,276
56805,276
56806,276
56807,221
56808,252
56809,276
56810,435
56811,566
56812,129
56813,276
56814,233
56815,233
56816,10
56817,221
56818,178
56819,129
56820,276
56821,233
56822,276
56823,129
56824,276
56825,56
56826,276
56827,276
56828,221
56829,56
56830,276
56831,276
56832,334
56833,154
56834,154
56835,276
56836,276
56837,276
56838,276
56839,276
56840,276
56841,566
56842,233
56843,276
56844,276
56845,276
56846,233
56847,169
56848,276
56849,276
56850,252
56851,10
56852,89
56853,22
56854,221
56855,276
56856,221
56857,252
56858,252
56859,566
56860,276
56861,221
56862,221
56863,276
56864,139
56865,566
56866,154
56867,22
56868,56
56869,276
56870,10
56871,233
56872,242
56873,178
56874,276
56875,101
56876,252
56877,56
56878,334
56879,205
56880,221
56881,116
56882,233
56883,162
56884,276
56885,252
56886,56
56887,154
56888,276
56889,178
56890,129
56891,162
56892,178
56893,276
56894,10
56895,233
56896,178
56897,221
56898,644
56899,276
56900,154
56901,276
56902,221
56903,89
56904,233
56905,276
56906,276
56907,233
56908,276
56909,276
56910,644
56911,276
56912,252
56913,276
56914,644
56915,276
56916,221
56917,276
56918,10
56919,233
56920,276
56921,276
56922,56
56923,566
56924,233
56925,276
56926,480
56927,129
56928,301
56929,644
56930,276
56931,276
56932,129
56933,276
56934,56
56935,198
56936,276
56937,276
56938,276
56939,334
56940,276
56941,162
56942,276
56943,154
56944,454
56945,276
56946,154
56947,154
56948,644
56949,276
56950,480
56951,276
56952,129
56953,10
56954,233
56955,252
56956,276
56957,252
56958,276
56959,245
56960,609
56961,276
56962,101
56963,276
56964,205
56965,334
56966,276
56967,276
56968,154
56969,276
56970,276
56971,276
56972,56
56973,56
56974,276
56975,204
56976,276
56977,154
56978,276
56979,221
56980,233
56981,276
56982,276
56983,233
56984,311
56985,353
56986,276
56987,276
56988,276
56989,123
56990,276
56991,221
56992,276
56993,276
56994,276
56995,276
56996,480
56997,129
56998,276
56999,276
57000,276
57001,198
57002,644
57003,423
57004,56
57005,276
57006,276
57007,276
57008,334
57009,276
57010,233
57011,123
57012,73
57013,101
57014,276
57015,276
57016,276
57017,276
57018,233
57019,276
57020,233
57021,276
57022,276
57023,154
57024,644
57025,276
57026,276
57027,276
57028,644
57029,221
57030,301
57031,221
57032,178
57033,480
57034,276
57035,252
57036,276
57037,56
57038,10
57039,276
57040,276
57041,276
57042,178
57043,334
57044,276
57045,276
57046,276
57047,221
57048,233
57049,154
57050,276
57051,10
57052,644
57053,353
57054,334
57055,566
57056,56
57057,178
57058,276
57059,10
57060,30
57061,644
57062,334
57063,276
57064,276
57065,56
57066,233
57067,56
57068,123
57069,233
57070,276
57071,221
57072,276
57073,213
57074,276
57075,89
57076,276
57077,276
57078,233
57079,178
57080,178
57081,233
57082,503
57083,566
57084,301
57085,276
57086,276
57087,276
57088,503
57089,276
57090,276
57091,301
57092,10
57093,276
57094,154
57095,276
57096,276
57097,276
57098,129
57099,221
57100,276
57101,301
57102,154
57103,609
57104,129
57105,276
57106,276
57107,233
57108,252
57109,276
57110,276
57111,276
57112,221
57113,276
57114,480
57115,233
57116,276
57117,276
57118,194
57119,644
57120,221
57121,22
57122,353
57123,154
57124,129
57125,233
57126,233
57127,480
57128,178
57129,276
57130,233
57131,276
57132,276
57133,22
57134,276
57135,221
57136,10
57137,276
57138,233
57139,154
57140,566
57141,233
57142,233
57143,221
57144,276
57145,644
57146,252
57147,276
57148,276
57149,276
57150,276
57151,233
57152,30
57153,221
57154,480
57155,276
57156,644
57157,480
57158,233
57159,129
57160,276
57161,194
57162,221
57163,276
57164,233
57165,276
57166,276
57167,276
57168,276
57169,276
57170,276
57171,233
57172,56
57173,276
57174,276
57175,233
57176,221
57177,276
57178,30
57179,154
57180,276
57181,276
57182,276
57183,178
57184,233
57185,334
57186,276
57187,233
57188,276
57189,454
57190,276
57191,276
57192,454
57193,276
57194,276
57195,205
57196,93
57197,644
57198,301
57199,154
57200,154
57201,221
57202,644
57203,566
57204,276
57205,276
57206,198
57207,233
57208,56
57209,276
57210,118
57211,10
57212,233
57213,154
57214,154
57215,154
57216,101
57217,22
57218,221
57219,480
57220,56
57221,154
57222,233
57223,301
57224,276
57225,276
57226,566
57227,276
57228,233
57229,233
57230,221
57231,276
57232,416
57233,644
57234,276
57235,276
57236,644
57237,644
57238,221
57239,644
57240,178
57241,233
57242,252
57243,233
57244,276
57245,221
57246,644
57247,644
57248,276
57249,276
57250,10
57251,276
57252,89
57253,118
57254,276
57255,200
57256,276
57257,334
57258,233
57259,129
57260,334
57261,301
57262,233
57263,276
57264,162
57265,276
57266,129
57267,56
57268,233
57269,276
57270,276
57271,276
57272,276
57273,301
57274,198
57275,154
57276,480
57277,276
57278,609
57279,128
57280,276
57281,644
57282,221
57283,233
57284,644
57285,233
57286,276
57287,566
57288,154
57289,10
57290,276
57291,276
57292,154
57293,221
57294,276
57295,129
57296,276
57297,233
57298,221
57299,276
57300,276
57301,276
57302,276
57303,233
57304,56
57305,194
57306,56
57307,89
57308,334
57309,276
57310,221
57311,480
57312,233
57313,233
57314,276
57315,353
57316,276
57317,276
57318,276
57319,129
57320,129
57321,162
57322,129
57323,276
57324,56
57325,56
57326,233
57327,276
57328,89
57329,221
57330,276
57331,129
57332,233
57333,93
57334,276
57335,139
57336,353
57337,566
57338,233
57339,609
57340,276
57341,233
57342,276
57343,56
57344,194
57345,480
57346,252
57347,276
57348,644
57349,276
57350,221
57351,276
57352,233
57353,276
57354,276
57355,221
57356,154
57357,233
57358,30
57359,221
57360,276
57361,178
57362,276
57363,154
57364,56
57365,276
57366,276
57367,233
57368,233
57369,221
57370,276
57371,178
57372,276
57373,644
57374,276
57375,566
57376,56
57377,276
57378,221
57379,118
57380,276
57381,252
57382,416
57383,221
57384,56
57385,154
57386,233
57387,301
57388,276
57389,22
57390,609
57391,334
57392,644
57393,154
57394,101
57395,276
57396,178
57397,221
57398,101
57399,233
57400,276
57401,276
57402,301
57403,101
57404,276
57405,178
57406,56
57407,276
57408,233
57409,276
57410,276
57411,154
57412,101
57413,276
57414,233
57415,178
57416,644
57417,233
57418,233
57419,128
57420,276
57421,129
57422,276
57423,480
57424,276
57425,233
57426,276
57427,276
57428,435
57429,56
57430,221
57431,233
57432,221
57433,10
57434,252
57435,233
57436,233
57437,233
57438,221
57439,276
57440,30
57441,276
57442,154
57443,276
57444,644
57445,276
57446,276
57447,276
57448,276
57449,233
57450,384
57451,276
57452,198
57453,221
57454,129
57455,276
57456,644
57457,301
57458,154
57459,276
57460,205
57461,101
57462,301
57463,22
57464,334
57465,276
57466,276
57467,10
57468,276
57469,154
57470,154
57471,56
57472,276
57473,353
57474,154
57475,162
57476,276
57477,194
57478,123
57479,276
57480,123
57481,276
57482,644
57483,276
57484,276
57485,162
57486,276
57487,466
57488,233
57489,644
57490,276
57491,276
57492,233
57493,233
57494,276
57495,162
57496,609
57497,22
57498,276
57499,221
57500,276
57501,276
57502,276
57503,276
57504,221
57505,221
57506,276
57507,276
57508,198
57509,276
57510,276
57511,276
57512,644
57513,198
57514,89
57515,30
57516,93
57517,276
57518,276
57519,162
57520,178
57521,56
57522,233
57523,276
57524,233
57525,162
57526,276
57527,566
57528,205
57529,129
57530,334
57531,276
57532,276
57533,276
57534,162
57535,276
57536,276
57537,276
57538,276
57539,154
57540,139
57541,276
57542,233
57543,252
57544,178
57545,129
57546,276
57547,162
57548,221
57549,276
57550,252
57551,276
57552,10
57553,276
57554,221
57555,276
57556,276
57557,276
57558,194
57559,276
57560,233
57561,609
57562,276
57563,276
57564,276
57565,276
57566,101
57567,93
57568,276
57569,276
57570,73
57571,22
57572,178
57573,233
57574,301
57575,644
57576,757
57577,276
57578,276
57579,233
57580,480
57581,644
57582,301
57583,276
57584,56
57585,10
57586,164
57587,221
57588,276
57589,276
57590,22
57591,56
57592,276
57593,276
57594,276
57595,276
57596,276
57597,276
57598,276
57599,644
57600,10
57601,276
57602,205
57603,129
57604,129
57605,56
57606,30
57607,178
57608,644
57609,276
57610,73
57611,480
57612,276
57613,129
57614,221
57615,89
57616,644
57617,129
57618,129
57619,73
57620,129
57621,205
57622,276
57623,56
57624,276
57625,129
57626,10
57627,276
57628,89
57629,276
57630,276
57631,233
57632,154
57633,252
57634,276
57635,194
57636,101
57637,101
57638,644
57639,178
57640,198
57641,334
57642,233
57643,56
57644,233
57645,276
57646,10
57647,276
57648,276
57649,154
57650,93
57651,276
57652,276
57653,276
57654,276
57655,566
57656,276
57657,276
57658,276
57659,276
57660,276
57661,276
57662,233
57663,178
57664,233
57665,233
57666,644
57667,276
57668,276
57669,276
57670,334
57671,101
57672,276
57673,233
57674,233
57675,276
57676,30
57677,276
57678,566
57679,276
57680,276
57681,252
57682,276
57683,221
57684,129
57685,30
57686,233
57687,221
57688,276
57689,233
57690,276
57691,609
57692,276
57693,252
57694,233
57695,276
57696,276
57697,276
57698,276
57699,30
57700,56
57701,276
57702,30
57703,276
57704,644
57705,221
57706,178
57707,154
57708,276
57709,233
57710,276
57711,276
57712,162
57713,644
57714,73
57715,233
57716,276
57717,178
57718,221
57719,276
57720,276
57721,276
57722,178
57723,233
57724,233
57725,233
57726,276
57727,276
57728,644
57729,334
57730,22
57731,10
57732,276
57733,276
57734,566
57735,221
57736,276
57737,276
57738,252
57739,644
57740,101
57741,276
57742,233
57743,480
57744,609
57745,276
57746,178
57747,276
57748,276
57749,334
57750,276
57751,276
57752,89
57753,276
57754,221
57755,276
57756,566
57757,276
57758,198
57759,566
57760,30
57761,233
57762,276
57763,276
57764,56
57765,162
57766,233
57767,200
57768,221
57769,56
57770,233
57771,154
57772,276
57773,56
57774,276
57775,301
57776,30
57777,205
57778,162
57779,276
57780,276
57781,221
57782,245
57783,129
57784,276
57785,276
57786,276
57787,276
57788,276
57789,233
57790,225
57791,644
57792,221
57793,276
57794,276
57795,276
57796,178
57797,205
57798,205
57799,233
57800,276
57801,644
57802,466
57803,252
57804,353
57805,233
57806,162
57807,276
57808,221
57809,276
57810,252
57811,233
57812,644
57813,276
57814,276
57815,276
57816,233
57817,178
57818,221
57819,276
57820,22
57821,276
57822,353
57823,129
57824,221
57825,276
57826,276
57827,276
57828,276
57829,276
57830,154
57831,566
57832,644
57833,276
57834,276
57835,162
57836,221
57837,129
57838,276
57839,276
57840,276
57841,276
57842,221
57843,30
57844,301
57845,56
57846,276
57847,194
57848,198
57849,178
57850,276
57851,252
57852,93
57853,276
57854,301
57855,276
57856,276
57857,644
57858,194
57859,423
57860,221
57861,233
57862,276
57863,276
57864,129
57865,221
57866,89
57867,644
57868,276
57869,233
57870,56
57871,30
57872,301
57873,276
57874,178
57875,10
57876,644
57877,276
57878,10
57879,276
57880,221
57881,276
57882,566
57883,22
57884,301
57885,10
57886,252
57887,252
57888,276
57889,644
57890,56
57891,276
57892,154
57893,276
57894,276
57895,129
57896,353
57897,276
57898,276
57899,129
57900,221
57901,178
57902,118
57903,276
57904,154
57905,276
57906,276
57907,276
57908,221
57909,129
57910,353
57911,233
57912,233
57913,221
57914,644
57915,233
57916,233
57917,252
57918,154
57919,276
57920,30
57921,276
57922,252
57923,276
57924,129
57925,301
57926,129
57927,353
57928,101
57929,276
57930,162
57931,198
57932,233
57933,154
57934,101
57935,205
57936,139
57937,276
57938,276
57939,30
57940,276
57941,154
57942,22
57943,276
57944,276
57945,276
57946,154
57947,276
57948,252
57949,221
57950,252
57951,129
57952,233
57953,233
57954,56
57955,334
57956,233
57957,178
57958,276
57959,178
57960,178
57961,178
57962,154
57963,10
57964,221
57965,334
57966,276
57967,276
57968,276
57969,276
57970,233
57971,276
57972,178
57973,233
57974,178
57975,276
57976,221
57977,221
57978,276
57979,89
57980,178
57981,276
57982,276
57983,276
57984,56
57985,276
57986,56
57987,252
57988,56
57989,276
57990,89
57991,56
57992,503
57993,198
57994,276
57995,276
57996,233
57997,129
57998,644
57999,276
58000,233
58001,276
58002,276
58003,566
58004,252
58005,644
58006,252
58007,233
58008,233
58009,56
58010,276
58011,233
58012,276
58013,22
58014,139
58015,221
58016,454
58017,276
58018,233
58019,129
58020,221
58021,276
58022,276
58023,276
58024,162
58025,73
58026,233
58027,276
58028,276
58029,10
58030,276
58031,89
58032,129
58033,276
58034,276
58035,233
58036,233
58037,162
58038,221
58039,129
58040,233
58041,276
58042,205
58043,276
58044,644
58045,221
58046,194
58047,56
58048,276
58049,154
58050,480
58051,221
58052,221
58053,101
58054,276
58055,56
58056,233
58057,129
58058,221
58059,221
58060,503
58061,276
58062,10
58063,480
58064,276
58065,301
58066,416
58067,233
58068,56
58069,221
58070,334
58071,276
58072,233
58073,233
58074,129
58075,139
58076,128
58077,89
58078,56
58079,609
58080,276
58081,30
58082,276
58083,233
58084,221
58085,221
58086,276
58087,276
58088,178
58089,178
58090,233
58091,276
58092,178
58093,276
58094,671
58095,276
58096,162
58097,233
58098,566
58099,101
58100,178
58101,221
58102,233
58103,89
58104,154
58105,276
58106,276
58107,276
58108,609
58109,56
58110,154
58111,178
58112,162
58113,644
58114,129
58115,154
58116,276
58117,178
58118,56
58119,154
58120,276
58121,276
58122,221
58123,276
58124,178
58125,221
58126,221
58127,221
58128,276
58129,129
58130,276
58131,129
58132,276
58133,154
58134,276
58135,154
58136,162
58137,276
58138,22
58139,276
58140,56
58141,162
58142,276
58143,221
58144,233
58145,233
58146,198
58147,566
58148,154
58149,276
58150,276
58151,276
58152,334
58153,73
58154,334
58155,56
58156,276
58157,276
58158,276
58159,276
58160,276
58161,178
58162,334
58163,276
58164,276
58165,233
58166,644
58167,276
58168,644
58169,56
58170,233
58171,93
58172,154
58173,221
58174,56
58175,233
58176,276
58177,566
58178,276
58179,221
58180,221
58181,276
58182,89
58183,276
58184,154
58185,30
58186,129
58187,276
58188,56
58189,198
58190,205
58191,30
58192,334
58193,276
58194,178
58195,276
58196,276
58197,252
58198,276
58199,178
58200,233
58201,221
58202,276
58203,353
58204,276
58205,178
58206,276
58207,503
58208,276
58209,276
58210,62
58211,276
58212,10
58213,10
58214,129
58215,56
58216,276
58217,56
58218,10
58219,276
58220,276
58221,276
58222,276
58223,276
58224,129
58225,644
58226,233
58227,276
58228,276
58229,233
58230,276
58231,154
58232,154
58233,178
58234,276
58235,276
58236,276
58237,178
58238,221
58239,276
58240,233
58241,301
58242,129
58243,276
58244,276
58245,233
58246,334
58247,221
58248,276
58249,276
58250,221
58251,194
58252,56
58253,93
58254,221
58255,276
58256,644
58257,178
58258,221
58259,221
58260,276
58261,221
58262,276
58263,276
58264,276
58265,276
58266,276
58267,276
58268,221
58269,56
58270,233
58271,89
58272,276
58273,221
58274,233
58275,233
58276,276
58277,233
58278,276
58279,178
58280,129
58281,233
58282,301
58283,276
58284,276
58285,10
58286,129
58287,276
58288,194
58289,89
58290,334
58291,276
58292,276
58293,129
58294,276
58295,276
58296,276
58297,301
58298,221
58299,233
58300,276
58301,245
58302,162
58303,191
58304,334
58305,644
58306,233
58307,89
58308,252
58309,178
58310,644
58311,276
58312,276
58313,233
58314,276
58315,56
58316,233
58317,644
58318,353
58319,480
58320,566
58321,480
58322,276
58323,129
58324,276
58325,233
58326,205
58327,178
58328,221
58329,252
58330,233
58331,276
58332,276
58333,233
58334,198
58335,276
58336,276
58337,416
58338,416
58339,276
58340,276
58341,129
58342,276
58343,301
58344,276
58345,221
58346,129
58347,276
58348,245
58349,276
58350,301
58351,276
58352,129
58353,644
58354,276
58355,276
58356,221
58357,101
58358,252
58359,162
58360,276
58361,276
58362,30
58363,252
58364,276
58365,56
58366,233
58367,276
58368,194
58369,154
58370,56
58371,276
58372,221
58373,116
58374,129
58375,233
58376,233
58377,276
58378,334
58379,276
58380,276
58381,154
58382,129
58383,252
58384,56
58385,233
58386,276
58387,276
58388,178
58389,276
58390,233
58391,10
58392,129
58393,198
58394,191
58395,233
58396,10
58397,276
58398,129
58399,604
58400,194
58401,276
58402,276
58403,276
58404,276
58405,276
58406,221
58407,56
58408,276
58409,276
58410,233
58411,276
58412,276
58413,276
58414,435
58415,194
58416,276
58417,233
58418,276
58419,93
58420,233
58421,276
58422,276
58423,276
58424,154
58425,276
58426,178
58427,276
58428,644
58429,233
58430,129
58431,276
58432,221
58433,276
58434,276
58435,276
58436,233
58437,276
58438,129
58439,276
58440,423
58441,276
58442,276
58443,276
58444,276
58445,276
58446,276
58447,10
58448,276
58449,276
58450,609
58451,566
58452,276
58453,566
58454,194
58455,276
58456,276
58457,162
58458,276
58459,129
58460,276
58461,221
58462,162
58463,276
58464,178
58465,644
58466,276
58467,178
58468,276
58469,89
58470,566
58471,242
58472,566
58473,492
58474,56
58475,129
58476,276
58477,644
58478,276
58479,276
58480,276
58481,221
58482,276
58483,301
58484,276
58485,276
58486,233
58487,162
58488,129
58489,154
58490,233
58491,609
58492,644
58493,178
58494,221
58495,644
58496,221
58497,129
58498,89
58499,334
58500,245
58501,334
58502,276
58503,276
58504,276
58505,198
58506,276
58507,276
58508,233
58509,276
58510,221
58511,56
58512,22
58513,276
58514,178
58515,276
58516,22
58517,56
58518,221
58519,276
58520,334
58521,178
58522,276
58523,276
58524,123
58525,233
58526,276
58527,276
58528,276
58529,276
58530,118
58531,154
58532,233
58533,276
58534,276
58535,93
58536,162
58537,56
58538,276
58539,276
58540,10
58541,221
58542,334
58543,129
58544,101
58545,178
58546,276
58547,276
58548,644
58549,276
58550,56
58551,276
58552,334
58553,10
58554,252
58555,276
58556,276
58557,492
58558,276
58559,118
58560,276
58561,644
58562,221
58563,710
58564,221
58565,276
58566,276
58567,276
58568,276
58569,276
58570,221
58571,56
58572,276
58573,221
58574,129
58575,233
58576,276
58577,276
58578,276
58579,139
58580,233
58581,276
58582,194
58583,221
58584,276
58585,30
58586,162
58587,276
58588,276
58589,276
58590,276
58591,276
58592,334
58593,566
58594,276
58595,276
58596,205
58597,276
58598,169
58599,566
58600,276
58601,480
58602,169
58603,276
58604,89
58605,252
58606,233
58607,162
58608,644
58609,480
58610,276
58611,101
58612,221
58613,22
58614,129
58615,757
58616,221
58617,276
58618,276
58619,178
58620,276
58621,276
58622,276
58623,276
58624,276
58625,276
58626,56
58627,276
58628,154
58629,566
58630,301
58631,56
58632,276
58633,276
58634,89
58635,276
58636,22
58637,276
58638,276
58639,644
58640,276
58641,276
58642,118
58643,221
58644,242
58645,353
58646,609
58647,129
58648,276
58649,276
58650,56
58651,566
58652,276
58653,276
58654,56
58655,276
58656,276
58657,276
58658,276
58659,178
58660,30
58661,276
58662,191
58663,276
58664,233
58665,276
58666,276
58667,276
58668,276
58669,56
58670,301
58671,276
58672,89
58673,129
58674,276
58675,194
58676,233
58677,276
58678,56
58679,276
58680,644
58681,276
58682,162
58683,276
58684,56
58685,276
58686,644
58687,10
58688,178
58689,276
58690,276
58691,154
58692,221
58693,276
58694,301
58695,644
58696,56
58697,154
58698,178
58699,276
58700,276
58701,301
58702,276
58703,30
58704,56
58705,276
58706,10
58707,233
58708,56
58709,276
58710,154
58711,276
58712,221
58713,221
58714,178
58715,129
58716,194
58717,276
58718,56
58719,73
58720,276
58721,154
58722,276
58723,276
58724,233
58725,233
58726,276
58727,276
58728,276
58729,480
58730,129
58731,276
58732,276
58733,233
58734,276
58735,154
58736,276
58737,129
58738,276
58739,276
58740,101
58741,276
58742,233
58743,276
58744,276
58745,233
58746,129
58747,353
58748,56
58749,233
58750,276
58751,123
58752,276
58753,233
58754,276
58755,162
58756,276
58757,178
58758,276
58759,276
58760,566
58761,178
58762,221
58763,276
58764,276
58765,276
58766,221
58767,276
58768,276
58769,221
58770,129
58771,154
58772,276
58773,311
58774,644
58775,233
58776,276
58777,276
58778,276
58779,276
58780,671
58781,276
58782,644
58783,221
58784,233
58785,276
58786,276
58787,56
58788,154
58789,129
58790,221
58791,154
58792,276
58793,178
58794,276
58795,276
58796,276
58797,30
58798,233
58799,129
58800,609
58801,276
58802,276
58803,609
58804,480
58805,221
58806,221
58807,154
58808,178
58809,162
58810,276
58811,30
58812,276
58813,10
58814,276
58815,30
58816,178
58817,276
58818,233
58819,276
58820,276
58821,194
58822,191
58823,276
58824,353
58825,276
58826,56
58827,276
58828,276
58829,162
58830,221
58831,276
58832,154
58833,252
58834,276
58835,252
58836,276
58837,276
58838,466
58839,644
58840,233
58841,10
58842,276
58843,276
58844,609
58845,276
58846,129
58847,334
58848,56
58849,492
58850,276
58851,276
58852,252
58853,22
58854,178
58855,194
58856,301
58857,276
58858,480
58859,252
58860,276
58861,221
58862,129
58863,276
58864,205
58865,276
58866,276
58867,178
58868,644
58869,194
58870,301
58871,56
58872,276
58873,233
58874,276
58875,221
58876,10
58877,162
58878,276
58879,276
58880,22
58881,221
58882,589
58883,154
58884,644
58885,301
58886,233
58887,276
58888,221
58889,252
58890,73
58891,252
58892,276
58893,480
58894,290
58895,276
58896,644
58897,301
58898,252
58899,233
58900,276
58901,233
58902,56
58903,221
58904,233
58905,276
58906,233
58907,276
58908,129
58909,56
58910,101
58911,129
58912,178
58913,221
58914,276
58915,276
58916,56
58917,129
58918,644
58919,129
58920,178
58921,276
58922,178
58923,89
58924,276
58925,46
58926,30
58927,276
58928,233
58929,276
58930,221
58931,276
58932,162
58933,56
58934,56
58935,276
58936,276
58937,205
58938,178
58939,178
58940,276
58941,252
58942,233
58943,276
58944,276
58945,154
58946,56
58947,276
58948,276
58949,178
58950,154
58951,178
58952,178
58953,162
58954,454
58955,276
58956,276
58957,609
58958,276
58959,276
58960,178
58961,566
58962,334
58963,276
58964,154
58965,56
58966,644
58967,221
58968,129
58969,276
58970,129
58971,276
58972,221
58973,276
58974,276
58975,56
58976,276
58977,276
58978,301
58979,644
58980,233
58981,101
58982,276
58983,233
58984,276
58985,233
58986,233
58987,154
58988,221
58989,276
58990,301
58991,162
58992,276
58993,276
58994,56
58995,221
58996,276
58997,276
58998,276
58999,276
59000,178
59001,129
59002,233
59003,221
59004,276
59005,129
59006,301
59007,276
59008,154
59009,644
59010,644
59011,276
59012,503
59013,154
59014,10
59015,154
59016,276
59017,129
59018,56
59019,276
59020,233
59021,129
59022,276
59023,233
59024,154
59025,301
59026,454
59027,178
59028,276
59029,276
59030,178
59031,129
59032,276
59033,609
59034,178
59035,276
59036,276
59037,233
59038,204
59039,221
59040,276
59041,276
59042,276
59043,276
59044,221
59045,276
59046,276
59047,276
59048,252
59049,644
59050,276
59051,162
59052,276
59053,162
59054,276
59055,162
59056,276
59057,276
59058,89
59059,276
59060,233
59061,233
59062,129
59063,276
59064,276
59065,276
59066,276
59067,276
59068,129
59069,644
59070,276
59071,276
59072,56
59073,22
59074,276
59075,162
59076,221
59077,276
59078,276
59079,276
59080,276
59081,154
59082,276
59083,233
59084,101
59085,233
59086,609
59087,233
59088,233
59089,10
59090,154
59091,276
59092,276
59093,276
59094,334
59095,233
59096,334
59097,178
59098,276
59099,276
59100,221
59101,252
59102,233
59103,276
59104,276
59105,301
59106,334
59107,205
59108,154
59109,276
59110,205
59111,154
59112,276
59113,276
59114,221
59115,276
59116,276
59117,276
59118,276
59119,503
59120,276
59121,276
59122,276
59123,194
59124,276
59125,245
59126,10
59127,178
59128,162
59129,128
59130,154
59131,435
59132,205
59133,276
59134,233
59135,129
59136,334
59137,129
59138,162
59139,129
59140,644
59141,10
59142,416
59143,480
59144,480
59145,56
59146,245
59147,221
59148,644
59149,233
59150,233
59151,233
59152,129
59153,56
59154,276
59155,276
59156,276
59157,609
59158,276
59159,276
59160,276
59161,10
59162,276
59163,276
59164,276
59165,233
59166,221
59167,154
59168,252
59169,276
59170,609
59171,129
59172,276
59173,276
59174,276
59175,301
59176,276
59177,276
59178,276
59179,56
59180,276
59181,233
59182,276
59183,30
59184,276
59185,56
59186,178
59187,276
59188,233
59189,252
59190,56
59191,233
59192,276
59193,276
59194,276
59195,276
59196,276
59197,101
59198,178
59199,276
59200,276
59201,480
59202,276
59203,276
59204,644
59205,290
59206,276
59207,276
59208,276
59209,221
59210,276
59211,221
59212,644
59213,154
59214,178
59215,480
59216,276
59217,221
59218,609
59219,276
59220,154
59221,221
59222,89
59223,276
59224,129
59225,56
59226,242
59227,435
59228,233
59229,22
59230,89
59231,757
59232,154
59233,129
59234,757
59235,644
59236,221
59237,154
59238,162
59239,276
59240,245
59241,154
59242,276
59243,644
59244,276
59245,276
59246,233
59247,252
59248,221
59249,129
59250,233
59251,233
59252,276
59253,178
59254,276
59255,644
59256,233
59257,178
59258,644
59259,221
59260,276
59261,154
59262,276
59263,162
59264,154
59265,233
59266,276
59267,205
59268,276
59269,129
59270,644
59271,233
59272,233
59273,129
59274,276
59275,301
59276,276
59277,644
59278,276
59279,276
59280,276
59281,221
59282,225
59283,221
59284,178
59285,334
59286,178
59287,101
59288,276
59289,276
59290,56
59291,276
59292,276
59293,233
59294,276
59295,276
59296,276
59297,276
59298,644
59299,154
59300,221
59301,276
59302,101
59303,233
59304,276
59305,101
59306,123
59307,221
59308,301
59309,221
59310,609
59311,221
59312,276
59313,198
59314,139
59315,129
59316,480
59317,129
59318,276
59319,154
59320,221
59321,204
59322,221
59323,276
59324,221
59325,276
59326,221
59327,334
59328,276
59329,233
59330,129
